Workbook

Sheet Budget2026
AF1: =C436 -> 0.10668911 | AG1: =D436 -> 0.062476955 | AH1: =E436 -> 0.07758657 | AI1: =F436 -> 0.065587371 | AJ1: =G436 -> 0.055250045 | AK1: =H436 -> 0.078676928 | AL1: =I436 -> 0.11761638 | AM1: =J436 -> 0.049297852 | ... AR1: =O436 -> 1
A2: CLIENT | B2: N CLIENT | C2: Janvier | D2: Février | E2: Mars | F2: Avril | G2: Mai | H2: Juin | I2: Juillet | J2: Août | K2: Septembre | L2: Octobre | M2: Novembre | N2: Décembre | O2: TOTAL | Q2: Janvier | R2: Février | S2: Mars | T2: Avril | U2: Mai | V2: Juin | W2: Juillet | X2: Août | Y2: Septembre | Z2: Octobre | AA2: Novembre | AB2: Décembre | AC2: total | AD2: CLIENT | AE2: N CLIENT | AF2: Janvier | AG2: Février | AH2: Mars | AI2: Avril | AJ2: Mai | AK2: Juin | AL2: Juillet | AM2: Août | AN2: Septembre | AO2: Octobre | AP2: Novembre | AQ2: Décembre | AR2: total | AS2: commentaire
A3: MDPV - PREPACAR | B3: 3000 | C3: 1209 | D3: 835 | E3: 2043 | F3: 1162 | G3: 1630 | H3: 1318 | I3: 1865 | J3: 1786 | K3: 2034 | L3: 2193 | M3: 1859 | N3: 1800 | O3: 19734 | Q3: =C3/C$434 -> 0.02984522 | R3: =D3/D$434 -> 0.035199393 | S3: =E3/E$434 -> 0.069350623 | T3: =F3/F$434 -> 0.046661045 | U3: =G3/G$434 -> 0.077700448 | V3: =H3/H$434 -> 0.044120108 | W3: =I3/I$434 -> 0.041761834 | X3: =J3/J$434 -> 0.095416177 | ... AC3: =O3/O$434 -> 0.051973705 | AD3: =A3 -> MDPV - PREPACAR | AE3: =B3 -> 3000 | AF3: =Q3*Feuil2!$B$3 -> 1055.7723 | AG3: =R3*Feuil2!$C$3 -> 1245.1757 | AH3: =S3*Feuil2!$D$3 -> 2725.3269 | AI3: =T3*Feuil2!$E$2 -> 1748.9959 | AJ3: =U3*Feuil2!$F$3 -> 1985.1221 | AK3: =V3*Feuil2!$G$3 -> 1777.4986 | AL3: =W3*Feuil2!$H$3 -> 1518.3551 | AM3: =X3*Feuil2!$I$2 -> 2038.2804 | AN3: =Y3*Feuil2!$J$3 -> 2199.531 | AO3: =Z3*Feuil2!$K$3 -> 2241.9552 | AP3: =AA3*Feuil2!$L$3 -> 1692.1252 | AQ3: =AB3*Feuil2!$M$3 -> 2113.9497 | AR3: =AC3*Feuil2!$N$3 -> 21760.688
A4: MARY AUTOMOBILES DEAUVILLE | B4: 5002 | C4: 1366 | D4: 1350 | E4: 753 | F4: 1102 | G4: 891 | H4: 1385 | I4: 1374 | J4: 1056 | K4: 945 | L4: 1311 | M4: 881 | N4: 881 | O4: 13295 | Q4: =C4/$C$434 -> 0.033720902 | R4: =D4/D$434 -> 0.056909198 | S4: =E4/E$434 -> 0.025560949 | T4: =F4/F$434 -> 0.044251697 | U4: =G4/G$434 -> 0.042473067 | V4: =H4/H$434 -> 0.046362936 | W4: =I4/I$434 -> 0.030767164 | X4: =J4/J$434 -> 0.056416284 | Y4: =K4/K$434 -> 0.024185499 | ... AC4: =O4/O$434 -> 0.035015223 | AD4: =A4 -> MARY AUTOMOBILES DEAUVILLE | AE4: =B4 -> 5002 | AF4: =Q4*Feuil2!$B$3 -> 1192.8742 | AG4: =R4*Feuil2!$C$3 -> 2013.1583 | AH4: =S4*Feuil2!$D$3 -> 1004.4891 | AI4: =T4*Feuil2!$E$2 -> 1658.6863 | AJ4: =U4*Feuil2!$F$3 -> 1085.1189 | AK4: =V4*Feuil2!$G$3 -> 1867.857 | AL4: =W4*Feuil2!$H$3 -> 1118.6165 | AM4: =X4*Feuil2!$I$2 -> 1205.1647 | AN4: =Y4*Feuil2!$J$3 -> 1021.906 | AO4: =Z4*Feuil2!$K$3 -> 1340.266 | AP4: =AA4*Feuil2!$L$3 -> 801.91623 | AQ4: =AB4*Feuil2!$M$3 -> 1034.6609 | AR4: =AC4*Feuil2!$N$3 -> 14660.4
A5: MARY AUTOMOBILES ST DESIR | B5: 5004 | C5: 798 | D5: 793 | E5: 973 | F5: 932 | G5: 982 | H5: 1103 | I5: 888 | J5: 997 | K5: 755 | L5: 1098 | M5: 826 | N5: 826 | O5: 10971 | Q5: =C5/$C$434 -> 0.019699326 | R5: =D5/D$434 -> 0.033428885 | S5: =E5/E$434 -> 0.033028955 | T5: =F5/F$434 -> 0.03742521 | U5: =G5/G$434 -> 0.046810945 | V5: =H5/H$434 -> 0.036922974 | W5: =I5/I$434 -> 0.019884455 | X5: =J5/J$434 -> 0.053264238 | Y5: =K5/K$434 -> 0.019322806 | ... AC5: =O5/O$434 -> 0.028894472 | AD5: =A5 -> MARY AUTOMOBILES ST DESIR | AE5: =B5 -> 5004 | AF5: =Q5*Feuil2!$B$3 -> 696.86208 | AG5: =R5*Feuil2!$C$3 -> 1182.5441 | AH5: =S5*Feuil2!$D$3 -> 1297.9653 | AI5: =T5*Feuil2!$E$2 -> 1402.8091 | AJ5: =U5*Feuil2!$F$3 -> 1195.9447 | AK5: =V5*Feuil2!$G$3 -> 1487.5424 | AL5: =W5*Feuil2!$H$3 -> 722.94868 | AM5: =X5*Feuil2!$I$2 -> 1137.8306 | AN5: =Y5*Feuil2!$J$3 -> 816.44343 | AO5: =Z5*Feuil2!$K$3 -> 1122.5111 | AP5: =AA5*Feuil2!$L$3 -> 751.85335 | AQ5: =AB5*Feuil2!$M$3 -> 970.06801 | AR5: =AC5*Feuil2!$N$3 -> 12097.725
A6: MARY AUTOMOBILES COMMERCES ET | B6: 5010 | C6: 1016 | D6: 780 | E6: 857 | F6: 570 | G6: 493 | H6: 894 | I6: 1017 | J6: 1652 | K6: 940 | L6: 1054 | M6: 638 | N6: 638 | O6: 10549 | Q6: =C6/$C$434 -> 0.025080846 | R6: =D6/D$434 -> 0.03288087 | S6: =E6/E$434 -> 0.029091279 | T6: =F6/F$434 -> 0.022888809 | U6: =G6/G$434 -> 0.02350081 | V6: =H6/H$434 -> 0.02992669 | W6: =I6/I$434 -> 0.022773075 | X6: =J6/J$434 -> 0.088257292 | Y6: =K6/K$434 -> 0.024057533 | ... AC6: =O6/O$434 -> 0.027783045 | AD6: =A6 -> MARY AUTOMOBILES COMMERCES ET | AE6: =B6 -> 5010 | AF6: =Q6*Feuil2!$B$3 -> 887.23293 | AG6: =R6*Feuil2!$C$3 -> 1163.1581 | AH6: =S6*Feuil2!$D$3 -> 1143.2233 | AI6: =T6*Feuil2!$E$2 -> 857.94121 | AJ6: =U6*Feuil2!$F$3 -> 600.4081 | AK6: =V6*Feuil2!$G$3 -> 1205.6781 | AL6: =W6*Feuil2!$H$3 -> 827.97163 | AM6: =X6*Feuil2!$I$2 -> 1885.3523 | AN6: =Y6*Feuil2!$J$3 -> 1016.4991 | AO6: =Z6*Feuil2!$K$3 -> 1077.5288 | AP6: =AA6*Feuil2!$L$3 -> 580.72935 | AQ6: =AB6*Feuil2!$M$3 -> 749.27771 | AR6: =AC6*Feuil2!$N$3 -> 11632.385
A7: JFC By Mary Automobiles - CAEN | B7: 3290 | C7: 0 | D7: 0 | E7: 0 | F7: 0 | G7: 0 | H7: 849 | I7: 1762 | J7: 146 | K7: 2782 | L7: 1430 | M7: 1647 | N7: 1647 | O7: 10263 | Q7: =C7/$C$434 -> 0 | R7: =D7/D$434 -> 0 | S7: =E7/E$434 -> 0 | T7: =F7/F$434 -> 0 | U7: =G7/G$434 -> 0 | V7: =H7/H$434 -> 0.028420313 | W7: =I7/I$434 -> 0.039455417 | X7: =J7/J$434 -> 0.0077999786 | Y7: =K7/K$434 -> 0.071200061 | ... AC7: =O7/O$434 -> 0.027029803 | AD7: =A7 -> JFC By Mary Automobiles - CAEN | AE7: =B7 -> 3290 | AF7: =Q7*Feuil2!$B$3 -> 0 | AG7: =R7*Feuil2!$C$3 -> 0 | AH7: =S7*Feuil2!$D$3 -> 0 | AI7: =T7*Feuil2!$E$2 -> 0 | AJ7: =U7*Feuil2!$F$3 -> 0 | AK7: =V7*Feuil2!$G$3 -> 1144.9896 | AL7: =W7*Feuil2!$H$3 -> 1434.4995 | AM7: =X7*Feuil2!$I$2 -> 166.62314 | AN7: =Y7*Feuil2!$J$3 -> 3008.4048 | AO7: =Z7*Feuil2!$K$3 -> 1461.9224 | AP7: =AA7*Feuil2!$L$3 -> 1499.1555 | AQ7: =AB7*Feuil2!$M$3 -> 1934.2639 | AR7: =AC7*Feuil2!$N$3 -> 11317.013
A8: VARON MICHEL | B8: 3377 | C8: 904 | D8: 566 | E8: 565 | F8: 781 | G8: 389 | H8: 603 | I8: 863 | J8: 443 | K8: 561 | L8: 727 | M8: 444 | N8: 444 | O8: 7290 | Q8: =C8/$C$434 -> 0.022316029 | R8: =D8/D$434 -> 0.023859708 | S8: =E8/E$434 -> 0.019179198 | T8: =F8/F$434 -> 0.031361683 | U8: =G8/G$434 -> 0.018543236 | V8: =H8/H$434 -> 0.020185452 | W8: =I8/I$434 -> 0.019324645 | X8: =J8/J$434 -> 0.023667058 | Y8: =K8/K$434 -> 0.014357741 | ... AC8: =O8/O$434 -> 0.019199772 | AD8: =A8 -> VARON MICHEL | AE8: =B8 -> 3377 | AF8: =Q8*Feuil2!$B$3 -> 789.42772 | AG8: =R8*Feuil2!$C$3 -> 844.03527 | AH8: =S8*Feuil2!$D$3 -> 753.7003 | AI8: =T8*Feuil2!$E$2 -> 1175.53 | AJ8: =U8*Feuil2!$F$3 -> 473.75 | AK8: =V8*Feuil2!$G$3 -> 813.22583 | AL8: =W8*Feuil2!$H$3 -> 702.5954 | AM8: =X8*Feuil2!$I$2 -> 505.5757 | AN8: =Y8*Feuil2!$J$3 -> 606.65532 | AO8: =Z8*Feuil2!$K$3 -> 743.2291 | AP8: =AA8*Feuil2!$L$3 -> 404.14393 | AQ8: =AB8*Feuil2!$M$3 -> 521.44092 | AR8: =AC8*Feuil2!$N$3 -> 8038.6851
A9: JFC CAEN | B9: 3290 | C9: 3445 | D9: 262 | E9: 1928 | F9: 326 | G9: 589 | H9: 0 | I9: 0 | J9: 0 | K9: 0 | L9: 0 | M9: 0 | N9: 0 | O9: 6550 | Q9: =C9/$C$434 -> 0.08504283 | R9: =D9/D$434 -> 0.0110446 | S9: =E9/E$434 -> 0.065446892 | T9: =F9/F$434 -> 0.013090792 | U9: =G9/G$434 -> 0.028077033 | V9: =H9/H$434 -> 0 | W9: =I9/I$434 -> 0 | X9: =J9/J$434 -> 0 | Y9: =K9/K$434 -> 0 | ... AC9: =O9/O$434 -> 0.017250824 | AD9: =A9 -> JFC CAEN | AE9: =B9 -> 3290 | AF9: =Q9*Feuil2!$B$3 -> 3008.3833 | AG9: =R9*Feuil2!$C$3 -> 390.70184 | AH9: =S9*Feuil2!$D$3 -> 2571.9189 | AI9: =T9*Feuil2!$E$2 -> 490.68217 | AJ9: =U9*Feuil2!$F$3 -> 717.32327 | AK9: =V9*Feuil2!$G$3 -> 0 | AL9: =W9*Feuil2!$H$3 -> 0 | AM9: =X9*Feuil2!$I$2 -> 0 | AN9: =Y9*Feuil2!$J$3 -> 0 | AO9: =Z9*Feuil2!$K$3 -> 0 | AP9: =AA9*Feuil2!$L$3 -> 0 | AQ9: =AB9*Feuil2!$M$3 -> 0 | AR9: =AC9*Feuil2!$N$3 -> 7222.6869
A10: MARY AUTOMOBILES CAEN | B10: 3001 | C10: 715 | D10: 280 | E10: 587 | F10: 743 | G10: 394 | H10: 619 | I10: 315 | J10: 763 | K10: 422 | L10: 916 | M10: 694 | N10: 694 | O10: 7142 | Q10: =C10/$C$434 -> 0.017650399 | R10: =D10/D$434 -> 0.011803389 | S10: =E10/E$434 -> 0.019925999 | T10: =F10/F$434 -> 0.029835763 | U10: =G10/G$434 -> 0.018781581 | V10: =H10/H$434 -> 0.020721052 | W10: =I10/I$434 -> 0.0070536074 | X10: =J10/J$434 -> 0.040762902 | Y10: =K10/K$434 -> 0.010800297 | ... AC10: =O10/O$434 -> 0.018809983 | AD10: =A10 -> MARY AUTOMOBILES CAEN | AE10: =B10 -> 3001 | AF10: =Q10*Feuil2!$B$3 -> 624.38144 | AG10: =R10*Feuil2!$C$3 -> 417.54395 | AH10: =S10*Feuil2!$D$3 -> 783.04792 | AI10: =T10*Feuil2!$E$2 -> 1118.3339 | AJ10: =U10*Feuil2!$F$3 -> 479.83934 | AK10: =V10*Feuil2!$G$3 -> 834.80396 | AL10: =W10*Feuil2!$H$3 -> 256.45139 | AM10: =X10*Feuil2!$I$2 -> 870.77711 | AN10: =Y10*Feuil2!$J$3 -> 456.34322 | AO10: =Z10*Feuil2!$K$3 -> 936.44822 | AP10: =AA10*Feuil2!$L$3 -> 631.70245 | AQ10: =AB10*Feuil2!$M$3 -> 815.04504 | AR10: =AC10*Feuil2!$N$3 -> 7875.4855
A11: LA TRINITE AUTOMOBILE | B11: 49483 | C11: 780 | D11: 398 | E11: 450 | F11: 935 | G11: 380 | H11: 610 | I11: 367 | J11: 709 | K11: 218 | L11: 607 | M11: 609 | N11: 609 | O11: 6672 | Q11: =C11/$C$434 -> 0.01925498 | R11: =D11/D$434 -> 0.016777675 | S11: =E11/E$434 -> 0.015275468 | T11: =F11/F$434 -> 0.037545677 | U11: =G11/G$434 -> 0.018114215 | V11: =H11/H$434 -> 0.020419777 | W11: =I11/I$434 -> 0.0082180125 | X11: =J11/J$434 -> 0.037877978 | Y11: =K11/K$434 -> 0.0055793003 | ... AC11: =O11/O$434 -> 0.017572137 | AD11: =A11 -> LA TRINITE AUTOMOBILE | AE11: =B11 -> 49483 | AF11: =Q11*Feuil2!$B$3 -> 681.14339 | AG11: =R11*Feuil2!$C$3 -> 593.5089 | AH11: =S11*Feuil2!$D$3 -> 600.29227 | AI11: =T11*Feuil2!$E$2 -> 1407.3246 | AJ11: =U11*Feuil2!$F$3 -> 462.78921 | AK11: =V11*Feuil2!$G$3 -> 822.66626 | AL11: =W11*Feuil2!$H$3 -> 298.78622 | AM11: =X11*Feuil2!$I$2 -> 809.14937 | AN11: =Y11*Feuil2!$J$3 -> 235.74128 | AO11: =Z11*Feuil2!$K$3 -> 620.5503 | AP11: =AA11*Feuil2!$L$3 -> 554.33256 | AQ11: =AB11*Feuil2!$M$3 -> 715.21964 | AR11: =AC11*Feuil2!$N$3 -> 7357.2164
A12: MARY AUTOMOBILES COMMERCES ET | B12: 6012 | C12: 572 | D12: 380 | E12: 270 | F12: 508 | G12: 412 | H12: 874 | I12: 374 | J12: 697 | K12: 440 | L12: 704 | M12: 606 | N12: 606 | O12: 6443 | Q12: =C12/$C$434 -> 0.014120319 | R12: =D12/D$434 -> 0.016018885 | S12: =E12/E$434 -> 0.0091652806 | T12: =F12/F$434 -> 0.020399149 | U12: =G12/G$434 -> 0.019639622 | V12: =H12/H$434 -> 0.029257189 | W12: =I12/I$434 -> 0.0083747593 | X12: =J12/J$434 -> 0.037236884 | Y12: =K12/K$434 -> 0.011260973 | ... AC12: =O12/O$434 -> 0.016969017 | AD12: =A12 -> MARY AUTOMOBILES COMMERCES ET | AE12: =B12 -> 6012 | AF12: =Q12*Feuil2!$B$3 -> 499.50515 | AG12: =R12*Feuil2!$C$3 -> 566.66679 | AH12: =S12*Feuil2!$D$3 -> 360.17536 | AI12: =T12*Feuil2!$E$2 -> 764.62129 | AJ12: =U12*Feuil2!$F$3 -> 501.76093 | AK12: =V12*Feuil2!$G$3 -> 1178.7054 | AL12: =W12*Feuil2!$H$3 -> 304.48514 | AM12: =X12*Feuil2!$I$2 -> 795.45432 | AN12: =Y12*Feuil2!$J$3 -> 475.80809 | AO12: =Z12*Feuil2!$K$3 -> 719.71566 | AP12: =AA12*Feuil2!$L$3 -> 551.60185 | AQ12: =AB12*Feuil2!$M$3 -> 711.69639 | AR12: =AC12*Feuil2!$N$3 -> 7104.698
A13: MARY AUTOMOBILES LISIEUX | B13: 5001 | C13: 597 | D13: 486 | E13: 264 | F13: 491 | G13: 133 | H13: 238 | I13: 784 | J13: 463 | K13: 324 | L13: 825 | M13: 1150 | N13: 1150 | O13: 6905 | Q13: =C13/$C$434 -> 0.014737466 | R13: =D13/D$434 -> 0.020487311 | S13: =E13/E$434 -> 0.0089616077 | T13: =F13/F$434 -> 0.0197165 | U13: =G13/G$434 -> 0.0063399752 | V13: =H13/H$434 -> 0.0079670606 | W13: =I13/I$434 -> 0.017555645 | X13: =J13/J$434 -> 0.024735549 | Y13: =K13/K$434 -> 0.0082921711 | ... AC13: =O13/O$434 -> 0.018185793 | AD13: =A13 -> MARY AUTOMOBILES LISIEUX | AE13: =B13 -> 5001 | AF13: =Q13*Feuil2!$B$3 -> 521.33667 | AG13: =R13*Feuil2!$C$3 -> 724.737 | AH13: =S13*Feuil2!$D$3 -> 352.17147 | AI13: =T13*Feuil2!$E$2 -> 739.03357 | AJ13: =U13*Feuil2!$F$3 -> 161.97622 | AK13: =V13*Feuil2!$G$3 -> 320.9747 | AL13: =W13*Feuil2!$H$3 -> 638.27902 | AM13: =X13*Feuil2!$I$2 -> 528.40079 | AN13: =Y13*Feuil2!$J$3 -> 350.36778 | AO13: =Z13*Feuil2!$K$3 -> 843.41679 | AP13: =AA13*Feuil2!$L$3 -> 1046.7692 | AQ13: =AB13*Feuil2!$M$3 -> 1350.579 | AR13: =AC13*Feuil2!$N$3 -> 7614.1455
A14: MARY AUTOMOBILES COMMERCES ET | B14: 3314 | C14: 454 | D14: 543 | E14: 112 | F14: 269 | G14: 298 | H14: 444 | I14: 583 | J14: 1094 | K14: 731 | L14: 461 | M14: 465 | N14: 465 | O14: 5919 | Q14: =C14/$C$434 -> 0.011207386 | R14: =D14/D$434 -> 0.022890144 | S14: =E14/E$434 -> 0.0038018942 | T14: =F14/F$434 -> 0.010801911 | U14: =G14/G$434 -> 0.014205358 | V14: =H14/H$434 -> 0.01486292 | W14: =I14/I$434 -> 0.013054772 | X14: =J14/J$434 -> 0.058446415 | Y14: =K14/K$434 -> 0.018708571 | ... AC14: =O14/O$434 -> 0.015588951 | AD14: =A14 -> MARY AUTOMOBILES COMMERCES ET | AE14: =B14 -> 3314 | AF14: =Q14*Feuil2!$B$3 -> 396.46038 | AG14: =R14*Feuil2!$C$3 -> 809.73702 | AH14: =S14*Feuil2!$D$3 -> 149.40608 | AI14: =T14*Feuil2!$E$2 -> 404.88805 | AJ14: =U14*Feuil2!$F$3 -> 362.92417 | AK14: =V14*Feuil2!$G$3 -> 598.79315 | AL14: =W14*Feuil2!$H$3 -> 474.63861 | AM14: =X14*Feuil2!$I$2 -> 1248.5323 | AN14: =Y14*Feuil2!$J$3 -> 790.49026 | AO14: =Z14*Feuil2!$K$3 -> 471.29108 | AP14: =AA14*Feuil2!$L$3 -> 423.25885 | AQ14: =AB14*Feuil2!$M$3 -> 546.10366 | AR14: =AC14*Feuil2!$N$3 -> 6526.883
A15: MARY AUTOMOBILES BAYEUX | B15: 3002 | C15: 636 | D15: 481 | E15: 237 | F15: 409 | G15: 368 | H15: 603 | I15: 505 | J15: 868 | K15: 365 | L15: 736 | M15: 138 | N15: 138 | O15: 5484 | Q15: =C15/$C$434 -> 0.015700215 | R15: =D15/D$434 -> 0.020276537 | S15: =E15/E$434 -> 0.0080450796 | T15: =F15/F$434 -> 0.016423724 | U15: =G15/G$434 -> 0.017542187 | V15: =H15/H$434 -> 0.020185452 | W15: =I15/I$434 -> 0.011308164 | X15: =J15/J$434 -> 0.046372476 | Y15: =K15/K$434 -> 0.009341489 | ... AC15: =O15/O$434 -> 0.014443286 | AD15: =A15 -> MARY AUTOMOBILES BAYEUX | AE15: =B15 -> 3002 | AF15: =Q15*Feuil2!$B$3 -> 555.39384 | AG15: =R15*Feuil2!$C$3 -> 717.28086 | AH15: =S15*Feuil2!$D$3 -> 316.15393 | AI15: =T15*Feuil2!$E$2 -> 615.61045 | AJ15: =U15*Feuil2!$F$3 -> 448.17481 | AK15: =V15*Feuil2!$G$3 -> 813.22583 | AL15: =W15*Feuil2!$H$3 -> 411.13636 | AM15: =X15*Feuil2!$I$2 -> 990.60883 | AN15: =Y15*Feuil2!$J$3 -> 394.70444 | AO15: =Z15*Feuil2!$K$3 -> 752.43001 | AP15: =AA15*Feuil2!$L$3 -> 125.6123 | AQ15: =AB15*Feuil2!$M$3 -> 162.06947 | AR15: =AC15*Feuil2!$N$3 -> 6047.2084
... A433: LP MECANIQUE AUTO | B433: 3629 | C433: -129 | D433: 0 | E433: 0 | F433: 0 | G433: 30 | H433: 0 | I433: 0 | J433: 0 | K433: 0 | L433: 0 | M433: 0 | N433: 0 | O433: -99 | Q433: =C433/$C$434 -> -0.0031844775 | R433: =D433/D$434 -> 0 | S433: =E433/E$434 -> 0 | T433: =F433/F$434 -> 0 | U433: =G433/G$434 -> 0.0014300696 | V433: =H433/H$434 -> 0 | W433: =I433/I$434 -> 0 | X433: =J433/J$434 -> 0 | Y433: =K433/K$434 -> 0 | ... AC433: =O433/O$434 -> -0.00026073765 | AD433: =A433 -> LP MECANIQUE AUTO | AE433: =B433 -> 3629 | AF433: =Q433*Feuil2!$B$3 -> -112.65064 | AG433: =R433*Feuil2!$C$3 -> 0 | AH433: =S433*Feuil2!$D$3 -> 0 | AI433: =T433*Feuil2!$E$2 -> 0 | AJ433: =U433*Feuil2!$F$3 -> 36.53599 | AK433: =V433*Feuil2!$G$3 -> 0 | AL433: =W433*Feuil2!$H$3 -> 0 | AM433: =X433*Feuil2!$I$2 -> 0 | AN433: =Y433*Feuil2!$J$3 -> 0 | AO433: =Z433*Feuil2!$K$3 -> 0 | AP433: =AA433*Feuil2!$L$3 -> 0 | AQ433: =AB433*Feuil2!$M$3 -> 0 | AR433: =AC433*Feuil2!$N$3 -> -109.16733
C434: =SUM(C3:C433) -> 40509 | D434: =SUM(D3:D433) -> 23722 | E434: =SUM(E3:E433) -> 29459 | F434: =SUM(F3:F433) -> 24903 | G434: =SUM(G3:G433) -> 20978 | H434: =SUM(H3:H433) -> 29873 | I434: =SUM(I3:I433) -> 44658 | J434: =SUM(J3:J433) -> 18718 | ... O434: =SUM(O3:O433) -> 379692 | Q434: =C434/$C$434 -> 1 | R434: =D434/D$434 -> 1 | S434: =E434/E$434 -> 1 | T434: =F434/F$434 -> 1 | U434: =G434/G$434 -> 1 | V434: =H434/H$434 -> 1 | W434: =I434/I$434 -> 1 | X434: =J434/J$434 -> 1 | Y434: =K434/K$434 -> 1 | ... AC434: =O434/O$434 -> 1 | AD434: =A434 -> 0 | AE434: =B434 -> 0 | AF434: =SUM(AF3:AF433) -> 35374.92 | AG434: =SUM(AG3:AG433) -> 35374.92 | AH434: =SUM(AH3:AH433) -> 39297.8 | AI434: =SUM(AI3:AI433) -> 37483 | AJ434: =SUM(AJ3:AJ433) -> 25548.4 | AK434: =SUM(AK3:AK433) -> 40287.72 | AL434: =SUM(AL3:AL433) -> 36357.48 | AM434: =SUM(AM3:AM433) -> 21362 | ... AR434: =SUM(AR3:AR433) -> 418686.48
AD435: =A435 -> 0 | AE435: =B435 -> 0 | AF435: =AF434=Feuil2!B3 -> TRUE | AG435: =AG434=Feuil2!C3 -> TRUE | AH435: =AH434=Feuil2!D3 -> TRUE | AI435: =AI434=Feuil2!E3 -> FALSE | AJ435: =AJ434=Feuil2!F3 -> TRUE | AK435: =AK434=Feuil2!G3 -> TRUE | AL435: =AL434=Feuil2!H3 -> TRUE | AM435: =AM434=Feuil2!I3 -> FALSE | ... AR435: =AR434=Feuil2!N3 -> TRUE
C436: =C434/$O$434 -> 0.10668911 | D436: =D434/$O$434 -> 0.062476955 | E436: =E434/$O$434 -> 0.07758657 | F436: =F434/$O$434 -> 0.065587371 | G436: =G434/$O$434 -> 0.055250045 | H436: =H434/$O$434 -> 0.078676928 | I436: =I434/$O$434 -> 0.11761638 | J436: =J434/$O$434 -> 0.049297852 | ... O436: =O434/$O$434 -> 1

Sheet Feuil2
B1: JANVIER | C1: FEVRIER | D1: MARS | E1: AVRIL | F1: MAI | G1: JUIN | H1: JUILLET | I1: AOUT | J1: SEPTEMBRE | K1: OCTOBRE | L1: NOVEMBRE | M1: DECEMBRE
B2: 38451 | C2: 38451 | D2: 42715 | E2: 37483 | F2: 27770 | G2: 43791 | H2: 39519 | I2: 21362 | J2: 45927 | K2: 43791 | L2: 39519 | M2: 36315
A3: PSA | B3: 35374.92 | C3: 35374.92 | D3: 39297.8 | E3: 34484.36 | F3: 25548.4 | G3: 40287.72 | H3: 36357.48 | I3: 19653.04 | J3: 42252.84 | K3: 40287.72 | L3: 36357.48 | M3: 33409.8 | N3: =SUM(B3:M3) -> 418686.48
A4: GUEUDET | B4: 1922.55 | C4: 1922.55 | D4: 2135.75 | E4: 1874.15 | F4: 1388.5 | G4: 2189.55 | H4: 1975.95 | I4: 1068.1 | J4: 2296.35 | K4: 2189.55 | L4: 1975.95 | M4: 1815.75 | N4: =SUM(B4:M4) -> 22754.7
A5: FORD | B5: 769.02 | C5: 769.02 | D5: 854.3 | E5: 749.66 | F5: 555.4 | G5: 875.82 | H5: 790.38 | I5: 427.24 | J5: 918.54 | K5: 875.82 | L5: 790.38 | M5: 726.3 | N5: =SUM(B5:M5) -> 9101.88
A6: DIRECT | B6: 384.51 | C6: 384.51 | D6: 427.15 | E6: 374.83 | F6: 277.7 | G6: 437.91 | H6: 395.19 | I6: 213.62 | J6: 459.27 | K6: 437.91 | L6: 395.19 | M6: 363.15 | N6: =SUM(B6:M6) -> 4550.94
B8: TRUE | C8: TRUE | D8: TRUE | E8: TRUE | F8: TRUE | G8: TRUE | H8: TRUE | I8: TRUE | J8: TRUE | K8: TRUE | L8: TRUE | M8: TRUE
